{
  "Product3" : {
    "transaction" : "Product3",
    "sampleCount" : 10,
    "errorCount" : 0,
    "errorPct" : 0.0,
    "meanResTime" : 225.6,
    "medianResTime" : 135.0,
    "minResTime" : 122.0,
    "maxResTime" : 468.0,
    "pct1ResTime" : 456.70000000000005,
    "pct2ResTime" : 468.0,
    "pct3ResTime" : 468.0,
    "throughput" : 3.0413625304136254,
    "receivedKBytesPerSec" : 65.50156345042579,
    "sentKBytesPerSec" : 0.38908055809002434
  },
  "Product1" : {
    "transaction" : "Product1",
    "sampleCount" : 10,
    "errorCount" : 0,
    "errorPct" : 0.0,
    "meanResTime" : 299.6000000000001,
    "medianResTime" : 348.5,
    "minResTime" : 134.0,
    "maxResTime" : 457.0,
    "pct1ResTime" : 447.70000000000005,
    "pct2ResTime" : 457.0,
    "pct3ResTime" : 457.0,
    "throughput" : 2.6874496103198067,
    "receivedKBytesPerSec" : 57.87937130475679,
    "sentKBytesPerSec" : 0.3438045888202096
  },
  "Product2" : {
    "transaction" : "Product2",
    "sampleCount" : 10,
    "errorCount" : 0,
    "errorPct" : 0.0,
    "meanResTime" : 261.1,
    "medianResTime" : 329.5,
    "minResTime" : 126.0,
    "maxResTime" : 393.0,
    "pct1ResTime" : 389.1,
    "pct2ResTime" : 393.0,
    "pct3ResTime" : 393.0,
    "throughput" : 2.8555111364934325,
    "receivedKBytesPerSec" : 56.90219428183895,
    "sentKBytesPerSec" : 0.3653046473443747
  },
  "Total" : {
    "transaction" : "Total",
    "sampleCount" : 50,
    "errorCount" : 0,
    "errorPct" : 0.0,
    "meanResTime" : 321.17999999999995,
    "medianResTime" : 336.0,
    "minResTime" : 122.0,
    "maxResTime" : 968.0,
    "pct1ResTime" : 484.8,
    "pct2ResTime" : 566.2499999999998,
    "pct3ResTime" : 968.0,
    "throughput" : 9.152480322167309,
    "receivedKBytesPerSec" : 134.94795956891818,
    "sentKBytesPerSec" : 1.1547856031484531
  },
  "Home Page" : {
    "transaction" : "Home Page",
    "sampleCount" : 10,
    "errorCount" : 0,
    "errorPct" : 0.0,
    "meanResTime" : 424.7,
    "medianResTime" : 363.5,
    "minResTime" : 247.0,
    "maxResTime" : 968.0,
    "pct1ResTime" : 931.4000000000001,
    "pct2ResTime" : 968.0,
    "pct3ResTime" : 968.0,
    "throughput" : 2.167316861725184,
    "receivedKBytesPerSec" : 10.821133709904638,
    "sentKBytesPerSec" : 0.27303112808842656
  },
  "Cart" : {
    "transaction" : "Cart",
    "sampleCount" : 10,
    "errorCount" : 0,
    "errorPct" : 0.0,
    "meanResTime" : 394.9,
    "medianResTime" : 460.5,
    "minResTime" : 245.0,
    "maxResTime" : 537.0,
    "pct1ResTime" : 535.0,
    "pct2ResTime" : 537.0,
    "pct3ResTime" : 537.0,
    "throughput" : 2.5713551041398817,
    "receivedKBytesPerSec" : 14.729294564798149,
    "sentKBytesPerSec" : 0.31137503214193885
  }
}